<?xml version = '1.0' encoding = 'UTF-8'?>
<Diagram class="oracle.dbtools.crest.swingui.logical.DPVLogical" name="Logical" id="2FB90C66-8D64-C143-5151-85B903E6BBB6">
<createdBy>labsfiap</createdBy>
<modifiedBy>labsfiap</modifiedBy>
<createdTime>2025-04-11 00:50:48 UTC</createdTime>
<autoRoute>false</autoRoute>
<boxInbox>true</boxInbox>
<showLegend>false</showLegend>
<showLabels>false</showLabels>
<showRelAttributes>false</showRelAttributes>
<gridEnabled>false</gridEnabled>
<showGrid>false</showGrid>
<diagramColor>-1</diagramColor>
<display>false</display>
<notation>2</notation>
<objectViews>
<OView class="oracle.dbtools.crest.swingui.logical.TVEntity" oid="06570FAA-FCDE-05D7-F359-F5AFE0A701F6" otype="Entity" vid="527593AE-A045-5429-EB48-5C2F5D1CF3CD">
<hideElementsInCurrentOnly>false</hideElementsInCurrentOnly>
<bounds x="142" y="202" width="268" height="88"/>
</OView>
<OView class="oracle.dbtools.crest.swingui.logical.TVEntity" oid="211E3558-CF37-F1AB-4E16-CCB8B75DBC05" otype="Entity" vid="CC39FDC4-68C7-E42B-745A-2C0369CCB43E">
<hideElementsInCurrentOnly>false</hideElementsInCurrentOnly>
<bounds x="802" y="119" width="225" height="116"/>
</OView>
<OView class="oracle.dbtools.crest.swingui.logical.TVEntity" oid="4E1F3E28-B731-1055-8F1B-54F6E17453EB" otype="Entity" vid="66043478-2368-B774-FB92-8ED1C55EDDA3">
<hideElementsInCurrentOnly>false</hideElementsInCurrentOnly>
<bounds x="473" y="112" width="272" height="186"/>
</OView>
<OView class="oracle.dbtools.crest.swingui.logical.TVEntity" oid="96944282-52AE-C1F5-1BC5-8B5BE146C720" otype="Entity" vid="2651AC05-0EF5-97C0-A228-019E4BEEDFBA">
<hideElementsInCurrentOnly>false</hideElementsInCurrentOnly>
<bounds x="351" y="388" width="248" height="68"/>
</OView>
<OView class="oracle.dbtools.crest.swingui.logical.TVEntity" oid="AC5AEF9C-761B-2C40-C200-52988411B827" otype="Entity" vid="CD788029-D62B-EC56-D548-62ED4F309C7B">
<hideElementsInCurrentOnly>false</hideElementsInCurrentOnly>
<bounds x="25" y="25" width="278" height="144"/>
</OView>
<OView class="oracle.dbtools.crest.swingui.logical.TVEntity" oid="F546B160-1D4B-EA63-4848-D6DD94CC252B" otype="Entity" vid="15A0620E-38A9-7C5D-C4F8-4F31ACAD2ACE">
<hideElementsInCurrentOnly>false</hideElementsInCurrentOnly>
<bounds x="653" y="349" width="250" height="116"/>
</OView>
<OView class="oracle.dbtools.crest.swingui.logical.TVEntity" oid="F5CD2D16-BD96-3F56-9E8A-0DD70DE3F76E" otype="Entity" vid="FA909B94-F74F-9BCE-9A7B-5E7E118B8CA9">
<hideElementsInCurrentOnly>false</hideElementsInCurrentOnly>
<bounds x="1083" y="116" width="256" height="116"/>
</OView>
</objectViews>
<connectors>
<Connector class="oracle.dbtools.crest.swingui.logical.TVRelation" oid="4F3C9512-8221-44FA-A98B-37A3462DED38" otype="Relation" vid_source="66043478-2368-B774-FB92-8ED1C55EDDA3" vid_target="2651AC05-0EF5-97C0-A228-019E4BEEDFBA">
<hideElementsInCurrentOnly>false</hideElementsInCurrentOnly>
<backgroundColor>-16777216</backgroundColor>
<lineWidth>1</lineWidth>
<points>
<point x="542" y="298"/>
<point x="542" y="388"/>
</points>
</Connector>
<Connector class="oracle.dbtools.crest.swingui.logical.TVRelation" oid="73E76CD3-FD37-24B8-9CAF-415AB6253ADD" otype="Relation" vid_source="66043478-2368-B774-FB92-8ED1C55EDDA3" vid_target="15A0620E-38A9-7C5D-C4F8-4F31ACAD2ACE">
<hideElementsInCurrentOnly>false</hideElementsInCurrentOnly>
<backgroundColor>-16777216</backgroundColor>
<lineWidth>1</lineWidth>
<points>
<point x="699" y="298"/>
<point x="699" y="349"/>
</points>
</Connector>
<Connector class="oracle.dbtools.crest.swingui.logical.TVRelation" oid="8876332A-2473-62B6-EBB1-88A962E67FE2" otype="Relation" vid_source="66043478-2368-B774-FB92-8ED1C55EDDA3" vid_target="CC39FDC4-68C7-E42B-745A-2C0369CCB43E">
<hideElementsInCurrentOnly>false</hideElementsInCurrentOnly>
<backgroundColor>-16777216</backgroundColor>
<lineWidth>1</lineWidth>
<points>
<point x="745" y="163"/>
<point x="802" y="163"/>
</points>
</Connector>
<Connector class="oracle.dbtools.crest.swingui.logical.TVRelation" oid="8D82CF62-E101-01D0-654E-08592B5898CD" otype="Relation" vid_source="66043478-2368-B774-FB92-8ED1C55EDDA3" vid_target="CD788029-D62B-EC56-D548-62ED4F309C7B">
<hideElementsInCurrentOnly>false</hideElementsInCurrentOnly>
<backgroundColor>-16777216</backgroundColor>
<lineWidth>1</lineWidth>
<points>
<point x="473" y="147"/>
<point x="303" y="147"/>
</points>
</Connector>
<Connector class="oracle.dbtools.crest.swingui.logical.TVRelation" oid="DC0ACB52-5755-E2E4-35D2-632CCA7BC269" otype="Relation" vid_source="66043478-2368-B774-FB92-8ED1C55EDDA3" vid_target="527593AE-A045-5429-EB48-5C2F5D1CF3CD">
<hideElementsInCurrentOnly>false</hideElementsInCurrentOnly>
<backgroundColor>-16777216</backgroundColor>
<lineWidth>1</lineWidth>
<points>
<point x="473" y="261"/>
<point x="410" y="261"/>
</points>
</Connector>
<Connector class="oracle.dbtools.crest.swingui.logical.TVRelation" oid="F82C62DA-FA43-EB71-F691-7821262C075F" otype="Relation" vid_source="FA909B94-F74F-9BCE-9A7B-5E7E118B8CA9" vid_target="CC39FDC4-68C7-E42B-745A-2C0369CCB43E">
<hideElementsInCurrentOnly>false</hideElementsInCurrentOnly>
<backgroundColor>-16777216</backgroundColor>
<lineWidth>1</lineWidth>
<points>
<point x="1083" y="170"/>
<point x="1027" y="170"/>
</points>
</Connector>
</connectors>
</Diagram>