<?xml version = '1.0' encoding = 'UTF-8'?>
<Entity class="oracle.dbtools.crest.model.design.logical.Entity" directorySegmentName="seg_0" id="F5CD2D16-BD96-3F56-9E8A-0DD70DE3F76E" name="HP_PLANO_SAUDE">
<createdBy>labsfiap</createdBy>
<createdTime>2025-04-11 01:13:17 UTC</createdTime>
<ownerDesignName>CP01</ownerDesignName>
<engineerTo>
<item key="C786D898-9BF4-144D-15A3-F74D3D836287" value="true"/>
</engineerTo>
<adequatelyNormalized>NO</adequatelyNormalized>
<expectedVolumes>0</expectedVolumes>
<fwdEngineeringStrategyName>Single Table</fwdEngineeringStrategyName>
<growthPercent>0</growthPercent>
<growthType>Year</growthType>
<maxVolumes>9999999</maxVolumes>
<minVolumes>0</minVolumes>
<normalForm>Third</normalForm>
<attributes itemClass="oracle.dbtools.crest.model.design.logical.Attribute">
<Attribute name="PS_CNPJ" id="AA7BB1AE-6004-940E-CB02-68BB49CEFA9C">
<createdBy>labsfiap</createdBy>
<createdTime>2025-04-11 01:14:55 UTC</createdTime>
<commentInRDBMS><![CDATA[Armazena o CNJP do plano de saude]]></commentInRDBMS>
<ownerDesignName>CP01</ownerDesignName>
<engineerTo>
<item key="C786D898-9BF4-144D-15A3-F74D3D836287" value="true"/>
</engineerTo>
<useDomainConstraints>false</useDomainConstraints>
<use>1</use>
<logicalDatatype>LOGDT024</logicalDatatype>
<dataTypeSize>18</dataTypeSize>
<ownDataTypeParameters>18,,</ownDataTypeParameters>
</Attribute>
<Attribute name="PS_NOME_FANTASIA" id="60875C20-5285-496E-D5E4-3F3F3CE234A4">
<createdBy>labsfiap</createdBy>
<createdTime>2025-04-11 01:13:31 UTC</createdTime>
<comment><![CDATA[Armazena o nome fantasia do plano de saude]]></comment>
<commentInRDBMS><![CDATA[Armazena o nome fantasia do plano de saude]]></commentInRDBMS>
<notes><![CDATA[Armazena o nome fantasia do plano de saude]]></notes>
<ownerDesignName>CP01</ownerDesignName>
<engineerTo>
<item key="C786D898-9BF4-144D-15A3-F74D3D836287" value="true"/>
</engineerTo>
<useDomainConstraints>false</useDomainConstraints>
<use>1</use>
<logicalDatatype>LOGDT024</logicalDatatype>
<dataTypeSize>255</dataTypeSize>
<ownDataTypeParameters>255,,</ownDataTypeParameters>
</Attribute>
<Attribute name="PS_RAZAO_SOCIAL" id="A0B4D7DF-F91C-AD96-CA7A-E0AAD4892C07">
<createdBy>labsfiap</createdBy>
<createdTime>2025-04-11 01:13:56 UTC</createdTime>
<comment><![CDATA[Armazena a razao social do plano de saude]]></comment>
<commentInRDBMS><![CDATA[Armazena a razao social do plano de saude]]></commentInRDBMS>
<notes><![CDATA[Armazena a razao social do plano de saude]]></notes>
<ownerDesignName>CP01</ownerDesignName>
<engineerTo>
<item key="C786D898-9BF4-144D-15A3-F74D3D836287" value="true"/>
</engineerTo>
<useDomainConstraints>false</useDomainConstraints>
<use>1</use>
<logicalDatatype>LOGDT024</logicalDatatype>
<dataTypeSize>255</dataTypeSize>
<ownDataTypeParameters>255,,</ownDataTypeParameters>
</Attribute>
<Attribute name="PS_CONTATO" id="159C2FFB-80DD-E760-E064-2EBC71768644">
<createdBy>labsfiap</createdBy>
<createdTime>2025-04-11 01:15:18 UTC</createdTime>
<comment><![CDATA[Armazena o contato do plano de saude]]></comment>
<commentInRDBMS><![CDATA[Armazena o contato do plano de saude]]></commentInRDBMS>
<notes><![CDATA[Armazena o contato do plano de saude]]></notes>
<ownerDesignName>CP01</ownerDesignName>
<engineerTo>
<item key="C786D898-9BF4-144D-15A3-F74D3D836287" value="true"/>
</engineerTo>
<useDomainConstraints>false</useDomainConstraints>
<use>1</use>
<logicalDatatype>LOGDT024</logicalDatatype>
<dataTypeSize>100</dataTypeSize>
<ownDataTypeParameters>100,,</ownDataTypeParameters>
</Attribute>
<Attribute name="PS_TELEFONE" id="7942D690-B83E-BBBA-1E21-9C10B8A01612">
<createdBy>labsfiap</createdBy>
<createdTime>2025-04-11 01:15:58 UTC</createdTime>
<comment><![CDATA[Armazena o telefone do plano de saude]]></comment>
<commentInRDBMS><![CDATA[Armazena o telefone do plano de saude]]></commentInRDBMS>
<notes><![CDATA[Armazena o telefone do plano de saude]]></notes>
<ownerDesignName>CP01</ownerDesignName>
<engineerTo>
<item key="C786D898-9BF4-144D-15A3-F74D3D836287" value="true"/>
</engineerTo>
<nullsAllowed>true</nullsAllowed>
<useDomainConstraints>false</useDomainConstraints>
<use>1</use>
<logicalDatatype>LOGDT024</logicalDatatype>
<dataTypeSize>20</dataTypeSize>
<ownDataTypeParameters>20,,</ownDataTypeParameters>
</Attribute>
</attributes>
<identifiers itemClass="oracle.dbtools.crest.model.design.logical.CandidateKey">
<identifier id="EC35B781-58B4-631D-4F98-E3AFB2A57D1E" name="HP_PLANO_SAUDE PK">
<createdBy>labsfiap</createdBy>
<createdTime>2025-04-11 01:15:14 UTC</createdTime>
<ownerDesignName>CP01</ownerDesignName>
<engineerTo>
<item key="C786D898-9BF4-144D-15A3-F74D3D836287" value="true"/>
</engineerTo>
<pk>true</pk>
<usedAttributes>
<attributeRef>AA7BB1AE-6004-940E-CB02-68BB49CEFA9C</attributeRef>
</usedAttributes>
</identifier>
</identifiers>
</Entity>