<?xml version = '1.0' encoding = 'UTF-8'?>
<Diagram class="oracle.dbtools.crest.swingui.logical.DPVLogical" name="Logical" id="C93A317F-40C4-8454-609B-BA5EA143DC15">
<createdBy>Gustavo Padlipskas</createdBy>
<modifiedBy>Gustavo Padlipskas</modifiedBy>
<createdTime>2021-03-11 14:57:46 UTC</createdTime>
<autoRoute>false</autoRoute>
<boxInbox>true</boxInbox>
<showLegend>false</showLegend>
<showLabels>false</showLabels>
<showRelAttributes>false</showRelAttributes>
<gridEnabled>false</gridEnabled>
<showGrid>false</showGrid>
<diagramColor>-1</diagramColor>
<display>false</display>
<notation>2</notation>
<objectViews>
<OView class="oracle.dbtools.crest.swingui.logical.TVEntity" oid="11C4F666-7146-09BB-A761-EE3416058B88" otype="Entity" vid="5ACC5C94-FE56-6C68-C3A1-DB2EF3392858">
<hideElementsInCurrentOnly>false</hideElementsInCurrentOnly>
<bounds x="171" y="288" width="304" height="128"/>
</OView>
<OView class="oracle.dbtools.crest.swingui.logical.TVEntity" oid="1A38783D-A6E3-011F-AE94-7991B8C23B12" otype="Entity" vid="B015E11D-502B-1F49-31F9-2CEBEB2E84E8">
<hideElementsInCurrentOnly>false</hideElementsInCurrentOnly>
<bounds x="945" y="112" width="301" height="149"/>
</OView>
<OView class="oracle.dbtools.crest.swingui.logical.TVEntity" oid="506DDC9A-FC9E-D13D-7FAD-ED571E3AEA46" otype="Entity" vid="17E983DE-37CB-93F1-22B4-D334D77A1EA5">
<hideElementsInCurrentOnly>false</hideElementsInCurrentOnly>
<bounds x="613" y="113" width="254" height="377"/>
</OView>
<OView class="oracle.dbtools.crest.swingui.logical.TVEntity" oid="62D01CD6-2F78-C150-EDE6-828E39ACBC85" otype="Entity" vid="DC79CE76-FFC9-949C-E922-6D94E493ABC2">
<hideElementsInCurrentOnly>false</hideElementsInCurrentOnly>
<bounds x="943" y="285" width="301" height="204"/>
</OView>
<OView class="oracle.dbtools.crest.swingui.logical.TVEntity" oid="79FECE95-CF66-DB38-4C06-AF9CA83F1DA9" otype="Entity" vid="E7CB8064-F03F-E79F-57CB-E7C54541A6D8">
<hideElementsInCurrentOnly>false</hideElementsInCurrentOnly>
<bounds x="163" y="550" width="301" height="189"/>
</OView>
<OView class="oracle.dbtools.crest.swingui.TVNote" oid="85D1CBFA-1EB5-3B32-1365-22AA201481E3" otype="Note" vid="26AC02A3-FF41-873E-27CA-AB026F3D9BD7">
<hideElementsInCurrentOnly>false</hideElementsInCurrentOnly>
<bounds x="176" y="17" width="473" height="84"/>
<useCustomFormat>true</useCustomFormat>
<useDefaultColor>false</useDefaultColor>
<backgroundColor>-13210</backgroundColor>
<foregroundColor>-16777216</foregroundColor>
<comment>PROJETO PRONTO SOCORRO
REDE DE HOSPITAL SOMOS TODOS UM!</comment>
<fonts itemClass="oracle.dbtools.crest.model.design.FontObjectWr">
<FontObject>
<foType>Título</foType>
<fontName>Arial Black</fontName>
<fontSize>20</fontSize>
<colorRGB>-16777216</colorRGB>
</FontObject>
<FontObject>
<foType>Title</foType>
<colorRGB>-16777216</colorRGB>
</FontObject>
</fonts>
</OView>
<OView class="oracle.dbtools.crest.swingui.logical.TVEntity" oid="C5153E1A-0C36-99E4-0FDF-BD7427056DA5" otype="Entity" vid="215D9DC1-BCE2-F17F-FF5A-85908EA24CEA">
<hideElementsInCurrentOnly>false</hideElementsInCurrentOnly>
<bounds x="174" y="115" width="301" height="146"/>
</OView>
<OView class="oracle.dbtools.crest.swingui.logical.TVEntity" oid="CAE63D5C-FA46-DA05-291D-441B59B3C713" otype="Entity" vid="E9074CFF-D779-ACCC-D341-3C069407EB11">
<hideElementsInCurrentOnly>false</hideElementsInCurrentOnly>
<bounds x="618" y="545" width="246" height="200"/>
</OView>
<OView class="oracle.dbtools.crest.swingui.logical.TVEntity" oid="CDD54745-3930-D1D7-5257-BDB05A5DBC33" otype="Entity" vid="B7DBA72F-428B-E586-56A9-01EB11C9CA56">
<hideElementsInCurrentOnly>false</hideElementsInCurrentOnly>
<bounds x="1303" y="109" width="301" height="126"/>
</OView>
</objectViews>
<connectors>
<Connector class="oracle.dbtools.crest.swingui.logical.TVRelation" oid="20403068-9FFF-7A08-63D5-13C205008336" otype="Relation" vid_source="B7DBA72F-428B-E586-56A9-01EB11C9CA56" vid_target="B015E11D-502B-1F49-31F9-2CEBEB2E84E8">
<hideElementsInCurrentOnly>false</hideElementsInCurrentOnly>
<backgroundColor>-16777216</backgroundColor>
<lineWidth>1</lineWidth>
<points>
<point x="1303" y="173"/>
<point x="1246" y="173"/>
</points>
</Connector>
<Connector class="oracle.dbtools.crest.swingui.logical.TVRelation" oid="44E5549C-C7C7-BF95-744C-5BB1486C3FD3" otype="Relation" vid_source="E7CB8064-F03F-E79F-57CB-E7C54541A6D8" vid_target="E9074CFF-D779-ACCC-D341-3C069407EB11">
<hideElementsInCurrentOnly>false</hideElementsInCurrentOnly>
<backgroundColor>-16777216</backgroundColor>
<lineWidth>1</lineWidth>
<points>
<point x="464" y="659"/>
<point x="618" y="659"/>
</points>
</Connector>
<Connector class="oracle.dbtools.crest.swingui.logical.TVRelation" oid="4A5CFF10-AE2B-B882-7CFA-1E589D821947" otype="Relation" vid_source="17E983DE-37CB-93F1-22B4-D334D77A1EA5" vid_target="5ACC5C94-FE56-6C68-C3A1-DB2EF3392858">
<hideElementsInCurrentOnly>false</hideElementsInCurrentOnly>
<backgroundColor>-16777216</backgroundColor>
<lineWidth>1</lineWidth>
<points>
<point x="613" y="352"/>
<point x="475" y="352"/>
</points>
</Connector>
<Connector class="oracle.dbtools.crest.swingui.logical.TVRelation" oid="64277932-723C-53E9-4B5B-01730F978667" otype="Relation" vid_source="17E983DE-37CB-93F1-22B4-D334D77A1EA5" vid_target="E9074CFF-D779-ACCC-D341-3C069407EB11">
<hideElementsInCurrentOnly>false</hideElementsInCurrentOnly>
<backgroundColor>-16777216</backgroundColor>
<lineWidth>1</lineWidth>
<points>
<point x="741" y="490"/>
<point x="741" y="545"/>
</points>
</Connector>
<Connector class="oracle.dbtools.crest.swingui.logical.TVRelation" oid="8BCC4E83-DAA8-181A-7DE9-422F9A8742E1" otype="Relation" vid_source="17E983DE-37CB-93F1-22B4-D334D77A1EA5" vid_target="215D9DC1-BCE2-F17F-FF5A-85908EA24CEA">
<hideElementsInCurrentOnly>false</hideElementsInCurrentOnly>
<backgroundColor>-16777216</backgroundColor>
<lineWidth>1</lineWidth>
<points>
<point x="613" y="188"/>
<point x="475" y="188"/>
</points>
</Connector>
<Connector class="oracle.dbtools.crest.swingui.logical.TVRelation" oid="B99331BB-0605-C347-7BB9-BF08521D724D" otype="Relation" vid_source="17E983DE-37CB-93F1-22B4-D334D77A1EA5" vid_target="DC79CE76-FFC9-949C-E922-6D94E493ABC2">
<hideElementsInCurrentOnly>false</hideElementsInCurrentOnly>
<backgroundColor>-16777216</backgroundColor>
<lineWidth>1</lineWidth>
<points>
<point x="867" y="387"/>
<point x="943" y="387"/>
</points>
</Connector>
<Connector class="oracle.dbtools.crest.swingui.logical.TVRelation" oid="DE1DF8BF-A74C-3932-5D5D-DC1555633DE6" otype="Relation" vid_source="17E983DE-37CB-93F1-22B4-D334D77A1EA5" vid_target="B015E11D-502B-1F49-31F9-2CEBEB2E84E8">
<hideElementsInCurrentOnly>false</hideElementsInCurrentOnly>
<backgroundColor>-16777216</backgroundColor>
<lineWidth>1</lineWidth>
<points>
<point x="867" y="187"/>
<point x="945" y="187"/>
</points>
</Connector>
</connectors>
</Diagram>