<?xml version = '1.0' encoding = 'UTF-8'?>
<Entity class="oracle.dbtools.crest.model.design.logical.Entity" directorySegmentName="seg_0" id="06570FAA-FCDE-05D7-F359-F5AFE0A701F6" name="HP_CONTATO_TELEFONE">
<createdBy>labsfiap</createdBy>
<createdTime>2025-04-11 01:34:43 UTC</createdTime>
<ownerDesignName>CP01</ownerDesignName>
<engineerTo>
<item key="C786D898-9BF4-144D-15A3-F74D3D836287" value="true"/>
</engineerTo>
<adequatelyNormalized>NO</adequatelyNormalized>
<expectedVolumes>0</expectedVolumes>
<fwdEngineeringStrategyName>Single Table</fwdEngineeringStrategyName>
<growthPercent>0</growthPercent>
<growthType>Year</growthType>
<maxVolumes>9999999</maxVolumes>
<minVolumes>0</minVolumes>
<normalForm>Third</normalForm>
<attributes itemClass="oracle.dbtools.crest.model.design.logical.Attribute">
<Attribute name="PC_TELEFONE" id="B2C40C11-9606-351E-A525-52FB20F2EB10">
<createdBy>labsfiap</createdBy>
<createdTime>2025-04-11 01:34:43 UTC</createdTime>
<comment><![CDATA[Armazena o telefone do paciente]]></comment>
<commentInRDBMS><![CDATA[Armazena o telefone do paciente]]></commentInRDBMS>
<notes><![CDATA[Armazena o telefone do paciente]]></notes>
<ownerDesignName>CP01</ownerDesignName>
<engineerTo>
<item key="C786D898-9BF4-144D-15A3-F74D3D836287" value="true"/>
</engineerTo>
<useDomainConstraints>false</useDomainConstraints>
<use>1</use>
<logicalDatatype>LOGDT024</logicalDatatype>
<dataTypeSize>20</dataTypeSize>
<ownDataTypeParameters>20,,</ownDataTypeParameters>
</Attribute>
<Attribute name="PC_CPF" id="D4090A33-2258-3BFD-BD51-8EEBD24D58D1">
<createdBy>kaiky</createdBy>
<createdTime>2025-04-11 20:59:30 UTC</createdTime>
<comment><![CDATA[Armazena CPF do paciente]]></comment>
<generatorID>5FD50FB7-A572-77DB-C552-FABB6C62B63F</generatorID>
<ownerDesignName>CP01</ownerDesignName>
<engineerTo>
<item key="C786D898-9BF4-144D-15A3-F74D3D836287" value="true"/>
</engineerTo>
<referedAttribute>0C49B2AE-3A53-51BF-2EDD-EC00B4F51EF3</referedAttribute>
<useDomainConstraints>false</useDomainConstraints>
<use>1</use>
<logicalDatatype>LOGDT024</logicalDatatype>
<dataTypeSize>14</dataTypeSize>
<ownDataTypeParameters>,,</ownDataTypeParameters>
</Attribute>
<Attribute name="PC_TEL_STATUS" id="A63A008A-E6A4-EA1B-A256-8FDD49917029">
<createdBy>labsfiap</createdBy>
<createdTime>2025-04-11 01:40:44 UTC</createdTime>
<comment><![CDATA[Indica se o contato esta ativo ou nao]]></comment>
<commentInRDBMS><![CDATA[Indica se o contato esta ativo ou nao]]></commentInRDBMS>
<notes><![CDATA[Indica se o contato esta ativo ou nao]]></notes>
<ownerDesignName>CP01</ownerDesignName>
<engineerTo>
<item key="C786D898-9BF4-144D-15A3-F74D3D836287" value="true"/>
</engineerTo>
<useDomainConstraints>false</useDomainConstraints>
<use>1</use>
<logicalDatatype>LOGDT024</logicalDatatype>
<dataTypeSize>5</dataTypeSize>
<ownDataTypeParameters>5,,</ownDataTypeParameters>
</Attribute>
</attributes>
<identifiers itemClass="oracle.dbtools.crest.model.design.logical.CandidateKey">
<identifier id="9525D90A-FCD4-7422-CF03-E25156296ED9" name="HP_CONTATO_TELEFONE PK">
<createdBy>labsfiap</createdBy>
<createdTime>2025-04-11 01:36:45 UTC</createdTime>
<ownerDesignName>CP01</ownerDesignName>
<engineerTo>
<item key="C786D898-9BF4-144D-15A3-F74D3D836287" value="true"/>
</engineerTo>
<pk>true</pk>
<usedAttributes>
<attributeRef>B2C40C11-9606-351E-A525-52FB20F2EB10</attributeRef>
<attributeRef>D4090A33-2258-3BFD-BD51-8EEBD24D58D1</attributeRef>
</usedAttributes>
</identifier>
</identifiers>
</Entity>