<?xml version = '1.0' encoding = 'UTF-8'?>
<Entity class="oracle.dbtools.crest.model.design.logical.Entity" directorySegmentName="seg_0" id="4E1F3E28-B731-1055-8F1B-54F6E17453EB" name="HP_PACIENTE">
<createdBy>labsfiap</createdBy>
<createdTime>2025-04-11 00:53:14 UTC</createdTime>
<ownerDesignName>CP01</ownerDesignName>
<engineerTo>
<item key="C786D898-9BF4-144D-15A3-F74D3D836287" value="true"/>
</engineerTo>
<adequatelyNormalized>NO</adequatelyNormalized>
<expectedVolumes>0</expectedVolumes>
<fwdEngineeringStrategyName>Single Table</fwdEngineeringStrategyName>
<growthPercent>0</growthPercent>
<growthType>Year</growthType>
<maxVolumes>9999999</maxVolumes>
<minVolumes>0</minVolumes>
<normalForm>Third</normalForm>
<attributes itemClass="oracle.dbtools.crest.model.design.logical.Attribute">
<Attribute name="PC_CPF" id="0C49B2AE-3A53-51BF-2EDD-EC00B4F51EF3">
<createdBy>labsfiap</createdBy>
<createdTime>2025-04-11 00:54:28 UTC</createdTime>
<comment><![CDATA[Armazena CPF do paciente]]></comment>
<commentInRDBMS><![CDATA[Armazena CPF do paciente]]></commentInRDBMS>
<notes><![CDATA[Armazena CPF do paciente]]></notes>
<ownerDesignName>CP01</ownerDesignName>
<engineerTo>
<item key="C786D898-9BF4-144D-15A3-F74D3D836287" value="true"/>
</engineerTo>
<useDomainConstraints>false</useDomainConstraints>
<use>1</use>
<logicalDatatype>LOGDT024</logicalDatatype>
<dataTypeSize>14</dataTypeSize>
<ownDataTypeParameters>14,,</ownDataTypeParameters>
</Attribute>
<Attribute name="PC_NOME" id="FF9F57F3-3B45-A19B-46C2-A1AEC8FEDD59">
<createdBy>labsfiap</createdBy>
<createdTime>2025-04-11 00:53:29 UTC</createdTime>
<comment><![CDATA[Armazena o nome do paciente]]></comment>
<commentInRDBMS><![CDATA[Armazena o nome do paciente]]></commentInRDBMS>
<notes><![CDATA[Armazena o nome do paciente]]></notes>
<ownerDesignName>CP01</ownerDesignName>
<engineerTo>
<item key="C786D898-9BF4-144D-15A3-F74D3D836287" value="true"/>
</engineerTo>
<useDomainConstraints>false</useDomainConstraints>
<use>1</use>
<logicalDatatype>LOGDT024</logicalDatatype>
<dataTypeSize>255</dataTypeSize>
<ownDataTypeParameters>255,,</ownDataTypeParameters>
</Attribute>
<Attribute name="PC_RG" id="41CCF65A-1E0A-8F27-3ADB-0C7201AAA2CF">
<createdBy>labsfiap</createdBy>
<createdTime>2025-04-11 00:55:32 UTC</createdTime>
<comment><![CDATA[Armazena RG do paciente]]></comment>
<commentInRDBMS><![CDATA[Armazena RG do paciente]]></commentInRDBMS>
<notes><![CDATA[Armazena RG do paciente]]></notes>
<ownerDesignName>CP01</ownerDesignName>
<engineerTo>
<item key="C786D898-9BF4-144D-15A3-F74D3D836287" value="true"/>
</engineerTo>
<useDomainConstraints>false</useDomainConstraints>
<use>1</use>
<logicalDatatype>LOGDT024</logicalDatatype>
<dataTypeSize>12</dataTypeSize>
<ownDataTypeParameters>12,,</ownDataTypeParameters>
</Attribute>
<Attribute name="PC_DATA_NASCIMENTO" id="A7BAD1C3-5E4A-CD83-E857-0000469C7A74">
<createdBy>labsfiap</createdBy>
<createdTime>2025-04-11 00:56:02 UTC</createdTime>
<comment><![CDATA[Armazena Data de Nascimento do Paciente]]></comment>
<commentInRDBMS><![CDATA[Armazena Data de Nascimento do Paciente]]></commentInRDBMS>
<notes><![CDATA[Armazena Data de Nascimento do Paciente]]></notes>
<ownerDesignName>CP01</ownerDesignName>
<engineerTo>
<item key="C786D898-9BF4-144D-15A3-F74D3D836287" value="true"/>
</engineerTo>
<useDomainConstraints>false</useDomainConstraints>
<use>1</use>
<logicalDatatype>LOGDT024</logicalDatatype>
<dataTypeSize>8</dataTypeSize>
<ownDataTypeParameters>8,,</ownDataTypeParameters>
</Attribute>
<Attribute name="PC_SEXO" id="D07AFE1A-9106-2639-8288-EBEBB91EEC79">
<createdBy>labsfiap</createdBy>
<createdTime>2025-04-11 00:57:09 UTC</createdTime>
<comment><![CDATA[Armazena o sexo do Paciente]]></comment>
<commentInRDBMS><![CDATA[Armazena o sexo do Paciente]]></commentInRDBMS>
<notes><![CDATA[Armazena o sexo do Paciente]]></notes>
<ownerDesignName>CP01</ownerDesignName>
<engineerTo>
<item key="C786D898-9BF4-144D-15A3-F74D3D836287" value="true"/>
</engineerTo>
<useDomainConstraints>false</useDomainConstraints>
<use>1</use>
<logicalDatatype>LOGDT025</logicalDatatype>
<dataTypeSize>1</dataTypeSize>
<ownDataTypeParameters>1,,</ownDataTypeParameters>
</Attribute>
<Attribute name="PC_ESCOLARIDADE" id="35C65E29-3F71-7CBF-0C68-93B56CE8045D">
<createdBy>labsfiap</createdBy>
<createdTime>2025-04-11 00:57:56 UTC</createdTime>
<comment><![CDATA[Armazena o nivel de escolaridade do Paciente]]></comment>
<commentInRDBMS><![CDATA[Armazena o nivel de escolaridade do Paciente]]></commentInRDBMS>
<notes><![CDATA[Armazena o nivel de escolaridade do Paciente]]></notes>
<ownerDesignName>CP01</ownerDesignName>
<engineerTo>
<item key="C786D898-9BF4-144D-15A3-F74D3D836287" value="true"/>
</engineerTo>
<useDomainConstraints>false</useDomainConstraints>
<use>1</use>
<logicalDatatype>LOGDT024</logicalDatatype>
<dataTypeSize>100</dataTypeSize>
<ownDataTypeParameters>100,,</ownDataTypeParameters>
</Attribute>
<Attribute name="PC_ESTADO_CIVIL" id="17831BD3-05DA-A9EC-4E81-AAE123D9838C">
<createdBy>labsfiap</createdBy>
<createdTime>2025-04-11 00:58:30 UTC</createdTime>
<comment><![CDATA[Armazena o Estado Civil atual do paciente]]></comment>
<commentInRDBMS><![CDATA[Armazena o Estado Civil atual do paciente]]></commentInRDBMS>
<notes><![CDATA[Armazena o Estado Civil atual do paciente]]></notes>
<ownerDesignName>CP01</ownerDesignName>
<engineerTo>
<item key="C786D898-9BF4-144D-15A3-F74D3D836287" value="true"/>
</engineerTo>
<useDomainConstraints>false</useDomainConstraints>
<use>1</use>
<logicalDatatype>LOGDT024</logicalDatatype>
<dataTypeSize>50</dataTypeSize>
<ownDataTypeParameters>50,,</ownDataTypeParameters>
</Attribute>
<Attribute name="PC_GRUPO_SANGUINEO" id="B9272450-3A93-92C9-0260-8415C2B1A8D6">
<createdBy>labsfiap</createdBy>
<createdTime>2025-04-11 01:00:04 UTC</createdTime>
<comment><![CDATA[Armazena o tipo sanguineo do Paciente]]></comment>
<commentInRDBMS><![CDATA[Armazena o tipo sanguineo do Paciente]]></commentInRDBMS>
<notes><![CDATA[Armazena o tipo sanguineo do Paciente]]></notes>
<ownerDesignName>CP01</ownerDesignName>
<engineerTo>
<item key="C786D898-9BF4-144D-15A3-F74D3D836287" value="true"/>
</engineerTo>
<useDomainConstraints>false</useDomainConstraints>
<use>1</use>
<logicalDatatype>LOGDT024</logicalDatatype>
<dataTypeSize>5</dataTypeSize>
<ownDataTypeParameters>5,,</ownDataTypeParameters>
</Attribute>
<Attribute name="PC_ALTURA" id="4F896E67-2B4A-530B-125F-172F897A22CE">
<createdBy>labsfiap</createdBy>
<createdTime>2025-04-11 01:00:39 UTC</createdTime>
<comment><![CDATA[Armazena a altura do Paciente]]></comment>
<commentInRDBMS><![CDATA[Armazena a altura do Paciente]]></commentInRDBMS>
<notes><![CDATA[Armazena a altura do Paciente]]></notes>
<ownerDesignName>CP01</ownerDesignName>
<engineerTo>
<item key="C786D898-9BF4-144D-15A3-F74D3D836287" value="true"/>
</engineerTo>
<useDomainConstraints>false</useDomainConstraints>
<use>1</use>
<logicalDatatype>LOGDT026</logicalDatatype>
<dataTypePrecision>5</dataTypePrecision>
<dataTypeScale>5</dataTypeScale>
<ownDataTypeParameters>,5,5</ownDataTypeParameters>
</Attribute>
<Attribute name="PC_PESO" id="88017DCA-BB71-99CE-309A-A6A8803DFE2C">
<createdBy>labsfiap</createdBy>
<createdTime>2025-04-11 01:01:54 UTC</createdTime>
<comment><![CDATA[Armazena o peso do Paciente]]></comment>
<commentInRDBMS><![CDATA[Armazena o peso do Paciente]]></commentInRDBMS>
<notes><![CDATA[Armazena o peso do Paciente]]></notes>
<ownerDesignName>CP01</ownerDesignName>
<engineerTo>
<item key="C786D898-9BF4-144D-15A3-F74D3D836287" value="true"/>
</engineerTo>
<useDomainConstraints>false</useDomainConstraints>
<use>1</use>
<logicalDatatype>LOGDT026</logicalDatatype>
<dataTypePrecision>5</dataTypePrecision>
<dataTypeScale>5</dataTypeScale>
<ownDataTypeParameters>,5,5</ownDataTypeParameters>
</Attribute>
</attributes>
<identifiers itemClass="oracle.dbtools.crest.model.design.logical.CandidateKey">
<identifier id="9CD39E70-A1DE-75F1-C9FD-3439F09CF08D" name="HP_PACIENTE PK">
<createdBy>labsfiap</createdBy>
<createdTime>2025-04-11 00:53:41 UTC</createdTime>
<ownerDesignName>CP01</ownerDesignName>
<engineerTo>
<item key="C786D898-9BF4-144D-15A3-F74D3D836287" value="true"/>
</engineerTo>
<pk>true</pk>
<usedAttributes>
<attributeRef>0C49B2AE-3A53-51BF-2EDD-EC00B4F51EF3</attributeRef>
</usedAttributes>
</identifier>
</identifiers>
</Entity>