<?xml version = '1.0' encoding = 'UTF-8'?>
<Entity class="oracle.dbtools.crest.model.design.logical.Entity" directorySegmentName="seg_0" id="96944282-52AE-C1F5-1BC5-8B5BE146C720" name="HP_CONTATO_EMAIL">
<createdBy>labsfiap</createdBy>
<createdTime>2025-04-11 01:22:41 UTC</createdTime>
<ownerDesignName>CP01</ownerDesignName>
<engineerTo>
<item key="C786D898-9BF4-144D-15A3-F74D3D836287" value="true"/>
</engineerTo>
<adequatelyNormalized>NO</adequatelyNormalized>
<expectedVolumes>0</expectedVolumes>
<fwdEngineeringStrategyName>Single Table</fwdEngineeringStrategyName>
<growthPercent>0</growthPercent>
<growthType>Year</growthType>
<maxVolumes>9999999</maxVolumes>
<minVolumes>0</minVolumes>
<normalForm>Third</normalForm>
<attributes itemClass="oracle.dbtools.crest.model.design.logical.Attribute">
<Attribute name="PC_EMAIL" id="64A7ADAF-3D71-259B-65DA-D6B19036830B">
<createdBy>labsfiap</createdBy>
<createdTime>2025-04-11 01:22:52 UTC</createdTime>
<comment><![CDATA[Armazena o email do paciente]]></comment>
<commentInRDBMS><![CDATA[Armazena o email do paciente]]></commentInRDBMS>
<notes><![CDATA[Armazena o email do paciente]]></notes>
<ownerDesignName>CP01</ownerDesignName>
<engineerTo>
<item key="C786D898-9BF4-144D-15A3-F74D3D836287" value="true"/>
</engineerTo>
<useDomainConstraints>false</useDomainConstraints>
<use>1</use>
<logicalDatatype>LOGDT024</logicalDatatype>
<dataTypeSize>255</dataTypeSize>
<ownDataTypeParameters>255,,</ownDataTypeParameters>
</Attribute>
<Attribute name="PC_CPF" id="F48D5B23-BB91-C729-FF8A-FFD6ECC24DF0">
<createdBy>kaiky</createdBy>
<createdTime>2025-04-11 20:59:14 UTC</createdTime>
<comment><![CDATA[Armazena CPF do paciente]]></comment>
<generatorID>9221F5A4-4B33-0DD7-D287-536C5919365C</generatorID>
<ownerDesignName>CP01</ownerDesignName>
<engineerTo>
<item key="C786D898-9BF4-144D-15A3-F74D3D836287" value="true"/>
</engineerTo>
<referedAttribute>0C49B2AE-3A53-51BF-2EDD-EC00B4F51EF3</referedAttribute>
<useDomainConstraints>false</useDomainConstraints>
<use>1</use>
<logicalDatatype>LOGDT024</logicalDatatype>
<dataTypeSize>14</dataTypeSize>
<ownDataTypeParameters>,,</ownDataTypeParameters>
</Attribute>
<Attribute name="PC_EMAIL_STATUS" id="C88AC8F9-19E5-8184-13A7-98D2ED8E8A4F">
<createdBy>labsfiap</createdBy>
<createdTime>2025-04-11 01:39:16 UTC</createdTime>
<comment><![CDATA[Indica se o contato esta ativo ou nao]]></comment>
<commentInRDBMS><![CDATA[Indica se o contato esta ativo ou nao]]></commentInRDBMS>
<notes><![CDATA[Indica se o contato esta ativo ou nao]]></notes>
<ownerDesignName>CP01</ownerDesignName>
<engineerTo>
<item key="C786D898-9BF4-144D-15A3-F74D3D836287" value="true"/>
</engineerTo>
<useDomainConstraints>false</useDomainConstraints>
<use>1</use>
<logicalDatatype>LOGDT024</logicalDatatype>
<dataTypeSize>5</dataTypeSize>
<ownDataTypeParameters>5,,</ownDataTypeParameters>
</Attribute>
</attributes>
<identifiers itemClass="oracle.dbtools.crest.model.design.logical.CandidateKey">
<identifier id="D035711A-3321-2C7D-D847-9CE57498415E" name="HP_CONTATO_EMAIL PK">
<createdBy>labsfiap</createdBy>
<createdTime>2025-04-11 01:44:32 UTC</createdTime>
<ownerDesignName>CP01</ownerDesignName>
<engineerTo>
<item key="C786D898-9BF4-144D-15A3-F74D3D836287" value="true"/>
</engineerTo>
<pk>true</pk>
<usedAttributes>
<attributeRef>64A7ADAF-3D71-259B-65DA-D6B19036830B</attributeRef>
<attributeRef>F48D5B23-BB91-C729-FF8A-FFD6ECC24DF0</attributeRef>
</usedAttributes>
</identifier>
</identifiers>
</Entity>