<?xml version = '1.0' encoding = 'UTF-8'?>
<Relation class="oracle.dbtools.crest.model.design.logical.Relation" name="FK_PACIENTE_PLANO" directorySegmentName="seg_0" id="8876332A-2473-62B6-EBB1-88A962E67FE2">
<createdBy>labsfiap</createdBy>
<createdTime>2025-04-11 01:50:46 UTC</createdTime>
<ownerDesignName>CP01</ownerDesignName>
<engineerTo>
<item key="C786D898-9BF4-144D-15A3-F74D3D836287" value="true"/>
</engineerTo>
<sourcePk>9CD39E70-A1DE-75F1-C9FD-3439F09CF08D</sourcePk>
<identifying>false</identifying>
<optionalSource>true</optionalSource>
<optionalTarget>false</optionalTarget>
<sourceCardinality>1</sourceCardinality>
<sourceEntity>4E1F3E28-B731-1055-8F1B-54F6E17453EB</sourceEntity>
<targetCardinalityString>*</targetCardinalityString>
<targetEntity>211E3558-CF37-F1AB-4E16-CCB8B75DBC05</targetEntity>
<transferable>true</transferable>
<deleteRule>NO ACTION</deleteRule>
</Relation>